anh,nhan,ma_nhan,khoi
dataset\hung_que\hung_que_01.jpg,hung_que,0,1
dataset\hung_que\hung_que_02.jpg,hung_que,0,1
dataset\hung_que\hung_que_03.jpg,hung_que,0,1
dataset\hung_que\hung_que_04.jpg,hung_que,0,1
dataset\hung_que\hung_que_05.jpg,hung_que,0,1
dataset\hung_que\hung_que_06.jpg,hung_que,0,1
dataset\hung_que\hung_que_07.jpg,hung_que,0,1
dataset\hung_que\hung_que_08.jpg,hung_que,0,1
dataset\hung_que\hung_que_09.jpg,hung_que,0,1
dataset\hung_que\hung_que_10.jpg,hung_que,0,1
dataset\hung_que\hung_que_11.jpg,hung_que,0,2
dataset\hung_que\hung_que_12.jpg,hung_que,0,2
dataset\hung_que\hung_que_13.jpg,hung_que,0,2
dataset\hung_que\hung_que_14.jpg,hung_que,0,2
dataset\hung_que\hung_que_15.jpg,hung_que,0,2
dataset\hung_que\hung_que_16.jpg,hung_que,0,2
dataset\hung_que\hung_que_17.jpg,hung_que,0,2
dataset\hung_que\hung_que_18.jpg,hung_que,0,2
dataset\hung_que\hung_que_19.jpg,hung_que,0,2
dataset\hung_que\hung_que_20.jpg,hung_que,0,2
dataset\hung_que\hung_que_21.jpg,hung_que,0,3
dataset\hung_que\hung_que_22.jpg,hung_que,0,3
dataset\hung_que\hung_que_23.jpg,hung_que,0,3
dataset\hung_que\hung_que_24.jpg,hung_que,0,3
dataset\hung_que\hung_que_25.jpg,hung_que,0,3
dataset\hung_que\hung_que_26.jpg,hung_que,0,3
dataset\hung_que\hung_que_27.jpg,hung_que,0,3
dataset\hung_que\hung_que_28.jpg,hung_que,0,3
dataset\hung_que\hung_que_29.jpg,hung_que,0,3
dataset\hung_que\hung_que_30.jpg,hung_que,0,3
dataset\hung_que\hung_que_31.jpg,hung_que,0,4
dataset\hung_que\hung_que_32.jpg,hung_que,0,4
dataset\hung_que\hung_que_33.jpg,hung_que,0,4
dataset\hung_que\hung_que_34.jpg,hung_que,0,4
dataset\hung_que\hung_que_35.jpg,hung_que,0,4
dataset\hung_que\hung_que_36.jpg,hung_que,0,4
dataset\hung_que\hung_que_37.jpg,hung_que,0,4
dataset\hung_que\hung_que_38.jpg,hung_que,0,4
dataset\hung_que\hung_que_39.jpg,hung_que,0,4
dataset\hung_que\hung_que_40.jpg,hung_que,0,4
dataset\hung_que\hung_que_41.jpg,hung_que,0,5
dataset\hung_que\hung_que_42.jpg,hung_que,0,5
dataset\hung_que\hung_que_43.jpg,hung_que,0,5
dataset\hung_que\hung_que_44.jpg,hung_que,0,5
dataset\hung_que\hung_que_45.jpg,hung_que,0,5
dataset\hung_que\hung_que_46.jpg,hung_que,0,5
dataset\hung_que\hung_que_47.jpg,hung_que,0,5
dataset\hung_que\hung_que_48.jpg,hung_que,0,5
dataset\hung_que\hung_que_49.jpg,hung_que,0,5
dataset\hung_que\hung_que_50.jpg,hung_que,0,5
dataset\tia_to\tia_to_01.jpg,tia_to,1,1
dataset\tia_to\tia_to_02.jpg,tia_to,1,1
dataset\tia_to\tia_to_03.jpg,tia_to,1,1
dataset\tia_to\tia_to_04.jpg,tia_to,1,1
dataset\tia_to\tia_to_05.jpg,tia_to,1,1
dataset\tia_to\tia_to_06.jpg,tia_to,1,1
dataset\tia_to\tia_to_07.jpg,tia_to,1,1
dataset\tia_to\tia_to_08.jpg,tia_to,1,1
dataset\tia_to\tia_to_09.jpg,tia_to,1,1
dataset\tia_to\tia_to_10.jpg,tia_to,1,1
dataset\tia_to\tia_to_11.jpg,tia_to,1,2
dataset\tia_to\tia_to_12.jpg,tia_to,1,2
dataset\tia_to\tia_to_13.jpg,tia_to,1,2
dataset\tia_to\tia_to_14.jpg,tia_to,1,2
dataset\tia_to\tia_to_15.jpg,tia_to,1,2
dataset\tia_to\tia_to_16.jpg,tia_to,1,2
dataset\tia_to\tia_to_17.jpg,tia_to,1,2
dataset\tia_to\tia_to_18.jpg,tia_to,1,2
dataset\tia_to\tia_to_19.jpg,tia_to,1,2
dataset\tia_to\tia_to_20.jpg,tia_to,1,2
dataset\tia_to\tia_to_21.jpg,tia_to,1,3
dataset\tia_to\tia_to_22.jpg,tia_to,1,3
dataset\tia_to\tia_to_23.jpg,tia_to,1,3
dataset\tia_to\tia_to_24.jpg,tia_to,1,3
dataset\tia_to\tia_to_25.jpg,tia_to,1,3
dataset\tia_to\tia_to_26.jpg,tia_to,1,3
dataset\tia_to\tia_to_27.jpg,tia_to,1,3
dataset\tia_to\tia_to_28.jpg,tia_to,1,3
dataset\tia_to\tia_to_29.jpg,tia_to,1,3
dataset\tia_to\tia_to_30.jpg,tia_to,1,3
dataset\tia_to\tia_to_31.jpg,tia_to,1,4
dataset\tia_to\tia_to_32.jpg,tia_to,1,4
dataset\tia_to\tia_to_33.jpg,tia_to,1,4
dataset\tia_to\tia_to_34.jpg,tia_to,1,4
dataset\tia_to\tia_to_35.jpg,tia_to,1,4
dataset\tia_to\tia_to_36.jpg,tia_to,1,4
dataset\tia_to\tia_to_37.jpg,tia_to,1,4
dataset\tia_to\tia_to_38.jpg,tia_to,1,4
dataset\tia_to\tia_to_39.jpg,tia_to,1,4
dataset\tia_to\tia_to_40.jpg,tia_to,1,4
dataset\tia_to\tia_to_41.jpg,tia_to,1,5
dataset\tia_to\tia_to_42.jpg,tia_to,1,5
dataset\tia_to\tia_to_43.jpg,tia_to,1,5
dataset\tia_to\tia_to_44.jpg,tia_to,1,5
dataset\tia_to\tia_to_45.jpg,tia_to,1,5
dataset\tia_to\tia_to_46.jpg,tia_to,1,5
dataset\tia_to\tia_to_47.jpg,tia_to,1,5
dataset\tia_to\tia_to_48.jpg,tia_to,1,5
dataset\tia_to\tia_to_49.jpg,tia_to,1,5
dataset\tia_to\tia_to_50.jpg,tia_to,1,5
dataset\mui_tau\mui_tau_01.jpg,mui_tau,2,1
dataset\mui_tau\mui_tau_02.jpg,mui_tau,2,1
dataset\mui_tau\mui_tau_03.jpg,mui_tau,2,1
dataset\mui_tau\mui_tau_04.jpg,mui_tau,2,1
dataset\mui_tau\mui_tau_05.jpg,mui_tau,2,1
dataset\mui_tau\mui_tau_06.jpg,mui_tau,2,1
dataset\mui_tau\mui_tau_07.jpg,mui_tau,2,1
dataset\mui_tau\mui_tau_08.jpg,mui_tau,2,1
dataset\mui_tau\mui_tau_09.jpg,mui_tau,2,1
dataset\mui_tau\mui_tau_10.jpg,mui_tau,2,1
dataset\mui_tau\mui_tau_11.jpg,mui_tau,2,2
dataset\mui_tau\mui_tau_12.jpg,mui_tau,2,2
dataset\mui_tau\mui_tau_13.jpg,mui_tau,2,2
dataset\mui_tau\mui_tau_14.jpg,mui_tau,2,2
dataset\mui_tau\mui_tau_15.jpg,mui_tau,2,2
dataset\mui_tau\mui_tau_16.jpg,mui_tau,2,2
dataset\mui_tau\mui_tau_17.jpg,mui_tau,2,2
dataset\mui_tau\mui_tau_18.jpg,mui_tau,2,2
dataset\mui_tau\mui_tau_19.jpg,mui_tau,2,2
dataset\mui_tau\mui_tau_20.jpg,mui_tau,2,2
dataset\mui_tau\mui_tau_21.jpg,mui_tau,2,3
dataset\mui_tau\mui_tau_22.jpg,mui_tau,2,3
dataset\mui_tau\mui_tau_23.jpg,mui_tau,2,3
dataset\mui_tau\mui_tau_24.jpg,mui_tau,2,3
dataset\mui_tau\mui_tau_25.jpg,mui_tau,2,3
dataset\mui_tau\mui_tau_26.jpg,mui_tau,2,3
dataset\mui_tau\mui_tau_27.jpg,mui_tau,2,3
dataset\mui_tau\mui_tau_28.jpg,mui_tau,2,3
dataset\mui_tau\mui_tau_29.jpg,mui_tau,2,3
dataset\mui_tau\mui_tau_30.jpg,mui_tau,2,4
dataset\mui_tau\mui_tau_31.jpg,mui_tau,2,4
dataset\mui_tau\mui_tau_32.jpg,mui_tau,2,4
dataset\mui_tau\mui_tau_33.jpg,mui_tau,2,4
dataset\mui_tau\mui_tau_34.jpg,mui_tau,2,4
dataset\mui_tau\mui_tau_35.jpg,mui_tau,2,4
dataset\mui_tau\mui_tau_36.jpg,mui_tau,2,4
dataset\mui_tau\mui_tau_37.jpg,mui_tau,2,4
dataset\mui_tau\mui_tau_38.jpg,mui_tau,2,4
dataset\mui_tau\mui_tau_39.jpg,mui_tau,2,4
dataset\mui_tau\mui_tau_40.jpg,mui_tau,2,5
dataset\mui_tau\mui_tau_41.jpg,mui_tau,2,5
dataset\mui_tau\mui_tau_42.jpg,mui_tau,2,5
dataset\mui_tau\mui_tau_43.jpg,mui_tau,2,5
dataset\mui_tau\mui_tau_44.jpg,mui_tau,2,5
dataset\mui_tau\mui_tau_45.jpg,mui_tau,2,5
dataset\mui_tau\mui_tau_46.jpg,mui_tau,2,5
dataset\mui_tau\mui_tau_47.jpg,mui_tau,2,5
dataset\mui_tau\mui_tau_48.jpg,mui_tau,2,5
dataset\la_lot\la_lot_01.jpg,la_lot,3,1
dataset\la_lot\la_lot_02.jpg,la_lot,3,1
dataset\la_lot\la_lot_03.jpg,la_lot,3,1
dataset\la_lot\la_lot_04.jpg,la_lot,3,1
dataset\la_lot\la_lot_05.jpg,la_lot,3,1
dataset\la_lot\la_lot_06.jpg,la_lot,3,1
dataset\la_lot\la_lot_07.jpg,la_lot,3,1
dataset\la_lot\la_lot_08.jpg,la_lot,3,1
dataset\la_lot\la_lot_09.jpg,la_lot,3,1
dataset\la_lot\la_lot_10.jpg,la_lot,3,1
dataset\la_lot\la_lot_11.jpg,la_lot,3,2
dataset\la_lot\la_lot_12.jpg,la_lot,3,2
dataset\la_lot\la_lot_13.jpg,la_lot,3,2
dataset\la_lot\la_lot_14.jpg,la_lot,3,2
dataset\la_lot\la_lot_15.jpg,la_lot,3,2
dataset\la_lot\la_lot_16.jpg,la_lot,3,2
dataset\la_lot\la_lot_17.jpg,la_lot,3,2
dataset\la_lot\la_lot_18.jpg,la_lot,3,2
dataset\la_lot\la_lot_19.jpg,la_lot,3,2
dataset\la_lot\la_lot_20.jpg,la_lot,3,2
dataset\la_lot\la_lot_21.jpg,la_lot,3,3
dataset\la_lot\la_lot_22.jpg,la_lot,3,3
dataset\la_lot\la_lot_23.jpg,la_lot,3,3
dataset\la_lot\la_lot_24.jpg,la_lot,3,3
dataset\la_lot\la_lot_25.jpg,la_lot,3,3
dataset\la_lot\la_lot_26.jpg,la_lot,3,3
dataset\la_lot\la_lot_27.jpg,la_lot,3,3
dataset\la_lot\la_lot_28.jpg,la_lot,3,3
dataset\la_lot\la_lot_29.jpg,la_lot,3,3
dataset\la_lot\la_lot_30.jpg,la_lot,3,3
dataset\la_lot\la_lot_31.jpg,la_lot,3,4
dataset\la_lot\la_lot_32.jpg,la_lot,3,4
dataset\la_lot\la_lot_33.jpg,la_lot,3,4
dataset\la_lot\la_lot_34.jpg,la_lot,3,4
dataset\la_lot\la_lot_35.jpg,la_lot,3,4
dataset\la_lot\la_lot_36.jpg,la_lot,3,4
dataset\la_lot\la_lot_37.jpg,la_lot,3,4
dataset\la_lot\la_lot_38.jpg,la_lot,3,4
dataset\la_lot\la_lot_39.jpg,la_lot,3,4
dataset\la_lot\la_lot_40.jpg,la_lot,3,4
dataset\la_lot\la_lot_41.jpg,la_lot,3,5
dataset\la_lot\la_lot_42.jpg,la_lot,3,5
dataset\la_lot\la_lot_43.jpg,la_lot,3,5
dataset\la_lot\la_lot_44.jpg,la_lot,3,5
dataset\la_lot\la_lot_45.jpg,la_lot,3,5
dataset\la_lot\la_lot_46.jpg,la_lot,3,5
dataset\la_lot\la_lot_47.jpg,la_lot,3,5
dataset\la_lot\la_lot_48.jpg,la_lot,3,5
dataset\la_lot\la_lot_49.jpg,la_lot,3,5
dataset\la_lot\la_lot_50.jpg,la_lot,3,5
